CREATE TABLE ROL
(
	ROL_ID INT,
	ROL_NAME VARCHAR(50),
	PRIMARY KEY (ROL_ID)
)

INSERT INTO ROL
VALUES (1, 'VISITANTE')

INSERT INTO ROL
VALUES(2, 'ASISTENTE')

INSERT INTO ROL
VALUES(3, 'EDITOR')

INSERT INTO ROL
VALUES(4, 'ADMINISTRADOR')

CREATE TABLE USUARIO
(
	USUARIO_LOGIN VARCHAR(30),
	USUARIO_NOMBRE VARCHAR(200),
	USUARIO_PASSWORD VARCHAR(10),
	USUARIO_DIRECCION VARCHAR(50),
	USUARIO_TELEFONO VARCHAR(15),
	USUARIO_EMAIL VARCHAR(30),
	ROL_ID INT,
	PRIMARY KEY(USUARIO_LOGIN)
)

ALTER TABLE USUARIO
ADD FOREIGN KEY (ROL_ID) REFERENCES ROL (ROL_ID);

INSERT INTO USUARIO
VALUES('admon','Carlos Perez', '123', 'Calle 25 No. 10-10', '5701134', 'admon@prueba.com', 4);

CREATE TABLE PERMISOS
(
	PERMISO_ID INT,
	PERMISO_NOMBRE VARCHAR(200),
	PRIMARY KEY(PERMISO_ID)
)

CREATE TABLE PERMISOS_ROL
(
	ROL_ID INT,
	PERMISO_ID INT,
	ACTIVO BIT,
	PRIMARY KEY (ROL_ID, PERMISO_ID)
)

ALTER TABLE PERMISOS_ROL
ADD FOREIGN KEY (ROL_ID) REFERENCES ROL (ROL_ID);

ALTER TABLE PERMISOS_ROL
ADD FOREIGN KEY (PERMISO_ID) REFERENCES PERMISOS (PERMISO_ID);

INSERT INTO PERMISOS
VALUES(1, 'ListarUsuarios');

INSERT INTO PERMISOS
VALUES(2, 'FiltrarNombre');

INSERT INTO PERMISOS
VALUES(3, 'FiltrarRol');

INSERT INTO PERMISOS
VALUES(4, 'EditarUsuario');

INSERT INTO PERMISOS
VALUES(5, 'CrearUsuario');

INSERT INTO PERMISOS
VALUES(6, 'EliminarUsuario');

INSERT INTO PERMISOS_ROL
VALUES(2, 1, 1);

INSERT INTO PERMISOS_ROL
VALUES(2, 2, 1);

INSERT INTO PERMISOS_ROL
VALUES(2, 3, 1);

INSERT INTO PERMISOS_ROL
VALUES(3, 1, 1);

INSERT INTO PERMISOS_ROL
VALUES(3, 2, 1);

INSERT INTO PERMISOS_ROL
VALUES(3, 3, 1);

INSERT INTO PERMISOS_ROL
VALUES(3, 4, 1);

INSERT INTO PERMISOS_ROL
VALUES(4, 1, 1);

INSERT INTO PERMISOS_ROL
VALUES(4, 2, 1);

INSERT INTO PERMISOS_ROL
VALUES(4, 3, 1);

INSERT INTO PERMISOS_ROL
VALUES(4, 4, 1);

INSERT INTO PERMISOS_ROL
VALUES(4, 5, 1);

INSERT INTO PERMISOS_ROL
VALUES(4, 6, 1);